scientific_name,trade_name_saudi
Abacavir,Ziagen
Abemaciclib,Under Research
Abiraterone,Under Research
Acarbose,Precose
Acebutolol,Under Research
Aceclofenac,Under Research
Acemetacin,Airtal
Acenocoumarol,Under Research
Acepromazine,Under Research
Aceprometazine,Under Research
Acetaminophen,Panadol
Acetazolamide,Under Research
Acetohexamide,Under Research
Acetohydroxamic Acid,Under Research
Acetophenazine,Under Research
Acetyl sulfisoxazole,Under Research
Acetylcholine,Under Research
Acetyldigitoxin,Under Research
Acetylsalicylic acid,Aspirin
Acipimox,Under Research
Acitretin,Under Research
Aclidinium,Tudorza
Acrivastine,Under Research
Activated charcoal,Under Research
Acyclovir,Under Research
Adapalene,Under Research
Adefovir Dipivoxil,Under Research
Adenine,Under Research
Adenosine,Under Research
Adinazolam,Under Research
Afatinib,Under Research
Agomelatine,Under Research
Ajmaline,Under Research
Alatrofloxacin,Under Research
Albendazole,Under Research
Alcaftadine,Under Research
Alclofenac,Under Research
Alclometasone,Under Research
Alectinib,Under Research
Alendronic acid,Under Research
Alfacalcidol,Under Research
Alfentanil,Under Research
Alfuzosin,Xatral
Alimemazine,Under Research
Aliskiren,Under Research
Alitretinoin,Under Research
Alizapride,Under Research
Allopurinol,Zyloric
Allylestrenol,Under Research
Almasilate,Under Research
Almotriptan,Under Research
Alogliptin,Nesina
Aloglutamol,Under Research
Alosetron,Under Research
Alprazolam,Xanax
Alprenolol,Under Research
Alprostadil,Under Research
Altretamine,Under Research
Aluminium,Under Research
Aluminum hydroxide,Under Research
Aluminum oxide,Under Research
Aluminum sulfate,Under Research
Alvimopan,Under Research
Amantadine,Under Research
Ambenonium,Under Research
Ambrisentan,Under Research
Ambroxol,Under Research
Amcinonide,Under Research
Amifostine,Under Research
Amikacin,Amikin
Amiloride,Midamor
Aminocaproic Acid,Under Research
Aminoglutethimide,Under Research
Aminohippuric acid,Under Research
Aminolevulinic acid,Under Research
Aminophenazone,Under Research
Aminophylline,Under Research
Aminosalicylic Acid,Under Research
Amiodarone,Cordarone
Amisulpride,Under Research
Amitriptyline,Elavil
Amitriptylinoxide,Under Research
Amlodipine,Norvasc
Ammonium chloride,Under Research
Amobarbital,Under Research
Amodiaquine,Under Research
Amorolfine,Under Research
Amoxapine,Under Research
Amoxicillin,Amoxil
Amphetamine,Under Research
Amphotericin B,Under Research
Ampicillin,Principen
Amprenavir,Agenerase
Amrinone,Under Research
Amrubicin,Under Research
Amsacrine,Under Research
Amyl Nitrite,Under Research
Anagrelide,Under Research
Anastrozole,Under Research
Angiotensin II,Under Research
Anidulafungin,Under Research
Anisotropine Methylbromide,Under Research
Antazoline,Under Research
Antipyrine,Under Research
Antrafenine,Under Research
Apalutamide,Under Research
Apixaban,Eliquis
Apomorphine,Under Research
Apraclonidine,Under Research
Apremilast,Under Research
Aprepitant,Under Research
Aprindine,Under Research
Aprobarbital,Under Research
Aranidipine,Under Research
Arbekacin,Under Research
Arbutamine,Under Research
Arformoterol,Under Research
Argatroban,Argatra
Aripiprazole,Under Research
Armodafinil,Under Research
Arsenic trioxide,Under Research
Artemether,Under Research
Artemotil,Under Research
Artenimol,Under Research
Artesunate,Under Research
Articaine,Under Research
Asenapine,Under Research
Astemizole,Under Research
Asunaprevir,Under Research
Atazanavir,Reyataz
Atenolol,Tenormin
Atomoxetine,Under Research
Atorvastatin,Lipitor
Atosiban,Under Research
Atovaquone,Under Research
Atracurium besylate,Under Research
Atropine,Under Research
Avanafil,Under Research
Avatrombopag,Under Research
Avibactam,Under Research
Axitinib,Under Research
Azacitidine,Under Research
Azatadine,Under Research
Azathioprine,Imuran
Azelaic Acid,Under Research
Azelastine,Under Research
Azelnidipine,Under Research
Azidocillin,Under Research
Azilsartan medoxomil,Under Research
Azithromycin,Zithromax
Azlocillin,Under Research
Aztreonam,Under Research
Bacampicillin,Under Research
Bacitracin,Under Research
Baclofen,Under Research
Balsalazide,Under Research
Bambuterol,Under Research
Baricitinib,Under Research
Barnidipine,Under Research
Bazedoxifene,Under Research
Beclomethasone dipropionate,Qvar
Bedaquiline,Under Research
Belinostat,Under Research
Benazepril,Lotensin
Bendamustine,Under Research
Bendroflumethiazide,Under Research
Benfotiamine,Under Research
Benidipine,Under Research
Benperidol,Under Research
Benzatropine,Under Research
Benznidazole,Under Research
Benzocaine,Under Research
Benzoctamine,Under Research
Benzoic Acid,Under Research
Benzophenone,Under Research
Benzoyl peroxide,Under Research
Benzphetamine,Under Research
Benzthiazide,Under Research
Benzydamine,Under Research
Benzyl alcohol,Under Research
Benzylpenicillin,Under Research
Benzylpenicilloyl Polylysine,Under Research
Bepotastine,Under Research
Bepridil,Under Research
Besifloxacin,Under Research
Betahistine,Under Research
Betamethasone,Celestone
Betaxolol,Under Research
Bethanechol,Under Research
Bethanidine,Under Research
Betrixaban,Under Research
Bevantolol,Under Research
Bexarotene,Under Research
Bezafibrate,Under Research
Bicalutamide,Under Research
Bictegravir,Under Research
Bifonazole,Under Research
Bilastine,Under Research
Bimatoprost,Under Research
Biperiden,Under Research
Bisacodyl,Under Research
Bismuth Subcitrate,Under Research
Bismuth Subsalicylate,Under Research
Bismuth subnitrate,Under Research
Bisoprolol,Concor
Bivalirudin,Angiomax
Bleomycin,Under Research
Blonanserin,Under Research
Boceprevir,Under Research
Bopindolol,Under Research
Bortezomib,Velcade
Bosentan,Under Research
Bosutinib,Under Research
Bretylium,Under Research
Brexpiprazole,Under Research
Brigatinib,Under Research
Brimonidine,Under Research
Brinzolamide,Under Research
Brivaracetam,Under Research
Bromazepam,Under Research
Bromfenac,Under Research
Bromocriptine,Parlodel
Bromodiphenhydramine,Under Research
Bromopride,Under Research
Bromotheophylline,Under Research
Bromperidol,Under Research
Brompheniramine,Under Research
Brotizolam,Under Research
Buclizine,Under Research
Budesonide,Pulmicort
Bufexamac,Under Research
Bumetanide,Burinex
Bupivacaine,Under Research
Bupranolol,Under Research
Buprenorphine,Subutex
Bupropion,Wellbutrin
Buspirone,Under Research
Busulfan,Under Research
Butabarbital,Under Research
Butalbital,Under Research
Butamben,Under Research
Butenafine,Under Research
Butethal,Under Research
Butoconazole,Under Research
Butorphanol,Stadol
Butriptyline,Under Research
Butylscopolamine,Under Research
Cabazitaxel,Under Research
Cabergoline,Dostinex
Cabozantinib,Under Research
Caffeine,Under Research
Calcidiol,Under Research
Calcipotriol,Under Research
Calcitriol,Under Research
Calcium Acetate,Under Research
Calcium Carbonate,Under Research
Calcium Chloride,Under Research
Calcium Citrate,Under Research
Calcium Phosphate,Under Research
Calcium carbimide,Under Research
Calcium glubionate,Under Research
Calcium gluconate,Under Research
Calcium lactate,Under Research
Calcium levulinate,Under Research
Camazepam,Under Research
Canagliflozin,Invokana
Candesartan cilexetil,Atacand
Cangrelor,Under Research
Cannabidiol,Under Research
Canrenoic acid,Under Research
Capecitabine,Xeloda
Capreomycin,Under Research
Capsaicin,Under Research
Captodiame,Under Research
Captopril,Capoten
Carbachol,Under Research
Carbamazepine,Tegretol
Carbenicillin,Under Research
Carbenicillin indanyl,Under Research
Carbetocin,Under Research
Carbidopa,Under Research
Carbimazole,Under Research
Carbinoxamine,Under Research
Carbocisteine,Under Research
Carboplatin,Paraplatin
Carboprost Tromethamine,Under Research
Carfilzomib,Under Research
Cariprazine,Under Research
Carisoprodol,Under Research
Carmustine,Under Research
Carprofen,Under Research
Carteolol,Under Research
Carvedilol,Dilatrend
Caspofungin,Under Research
Cefacetrile,Under Research
Cefaclor,Under Research
Cefadroxil,Under Research
Cefalotin,Under Research
Cefamandole,Under Research
Cefapirin,Under Research
Cefazolin,Under Research
Cefdinir,Under Research
Cefditoren,Under Research
Cefepime,Under Research
Cefixime,Under Research
Cefmenoxime,Under Research
Cefmetazole,Under Research
Cefminox,Under Research
Cefonicid,Under Research
Cefoperazone,Under Research
Ceforanide,Under Research
Cefotaxime,Under Research
Cefotetan,Under Research
Cefotiam,Under Research
Cefoxitin,Under Research
Cefpiramide,Under Research
Cefpirome,Under Research
Cefpodoxime,Under Research
Cefprozil,Under Research
Cefradine,Under Research
Ceftaroline fosamil,Under Research
Ceftazidime,Under Research
Ceftibuten,Under Research
Ceftizoxime,Under Research
Ceftobiprole,Under Research
Ceftriaxone,Rocephin
Cefuroxime,Under Research
Celecoxib,Celebrex
Celiprolol,Under Research
Cephalexin,Under Research
Cephaloglycin,Under Research
Cephaloridine,Under Research
Ceritinib,Under Research
Cerivastatin,Baycol
Cerulenin,Under Research
Cetirizine,Zyrtec
Cevimeline,Under Research
Chenodeoxycholic acid,Under Research
Chloral hydrate,Under Research
Chlorambucil,Under Research
Chloramphenicol,Under Research
Chlorcyclizine,Under Research
Chlordiazepoxide,Under Research
Chlormezanone,Under Research
Chloroprocaine,Under Research
Chloropyramine,Under Research
Chloroquine,Under Research
Chlorothiazide,Under Research
Chloroxine,Under Research
Chloroxylenol,Under Research
Chlorphenamine,Piriton
Chlorphenesin,Under Research
Chlorpromazine,Under Research
Chlorpropamide,Under Research
Chlorprothixene,Under Research
Chlortetracycline,Under Research
Chlorthalidone,Hygroton
Chlorzoxazone,Under Research
Cholecalciferol,Under Research
Cholesterol,Under Research
Cholic Acid,Under Research
Choline,Under Research
Choline C 11,Under Research
Choline magnesium trisalicylate,Under Research
Choline salicylate,Under Research
Chromium picolinate,Under Research
Ciclesonide,Under Research
Ciclopirox,Under Research
Cidofovir,Under Research
Cilastatin,Under Research
Cilazapril,Under Research
Cilnidipine,Under Research
Cilostazol,Pletal
Cimetidine,Under Research
Cinacalcet,Under Research
Cinchocaine,Under Research
Cinitapride,Under Research
Cinnarizine,Under Research
Cinolazepam,Under Research
Cinoxacin,Under Research
Ciprofibrate,Under Research
Ciprofloxacin,Ciproxin
Cisapride,Under Research
Cisatracurium,Under Research
Cisplatin,Platinol
Citalopram,Cipramil
Citric Acid,Under Research
Cladribine,Under Research
Clarithromycin,Klacid
Clavulanate,Under Research
Clemastine,Under Research
Clenbuterol,Under Research
Clevidipine,Under Research
Clidinium,Under Research
Clindamycin,Dalacin
Clobazam,Under Research
Clobetasol,Under Research
Clobetasol propionate,Under Research
Clobetasone,Under Research
Clocortolone,Under Research
Clodronic Acid,Under Research
Clofarabine,Under Research
Clofazimine,Under Research
Clofedanol,Under Research
Clofibrate,Under Research
Clomifene,Under Research
Clomipramine,Anafranil
Clomocycline,Under Research
Clonazepam,Rivotril
Clonidine,Under Research
Clonixin,Under Research
Clopidogrel,Plavix
Clorazepate,Under Research
Clotiazepam,Under Research
Clotrimazole,Under Research
Cloxacillin,Under Research
Cloxazolam,Under Research
Clozapine,Under Research
Cobicistat,Under Research
Cobimetinib,Under Research
Cocaine,Under Research
Codeine,Codeine
Colchicine,Colchicine
Colistimethate,Under Research
Colistin,Under Research
Conivaptan,Under Research
Copanlisib,Under Research
Copper,Under Research
Corticorelin ovine triflutate,Under Research
Cortisone acetate,Cortone
Crisaborole,Under Research
Crizotinib,Under Research
Curcumin,Under Research
Cyamemazine,Under Research
Cyanocobalamin,Under Research
Cyclacillin,Under Research
Cyclandelate,Under Research
Cyclizine,Under Research
Cyclobenzaprine,Under Research
Cyclopenthiazide,Under Research
Cyclopentolate,Under Research
Cyclophosphamide,Endoxan
Cycloserine,Under Research
Cyclosporine,Sandimmun
Cyclothiazide,Under Research
Cyproheptadine,Periactin
Cyproterone acetate,Under Research
Cysteamine,Under Research
Cytarabine,Under Research
DL-Methylephedrine,Under Research
Dabigatran etexilate,Pradaxa
Dabrafenib,Under Research
Dacarbazine,Under Research
Daclatasvir,Under Research
Dactinomycin,Under Research
Dalfampridine,Under Research
Dalfopristin,Under Research
Danazol,Under Research
Dantrolene,Under Research
Dapagliflozin,Forxiga
Dapiprazole,Under Research
Dapsone,Under Research
Daptomycin,Under Research
Darifenacin,Under Research
Darunavir,Prezista
Dasabuvir,Under Research
Dasatinib,Under Research
Daunorubicin,Under Research
Debrisoquin,Under Research
Decamethonium,Under Research
Decitabine,Under Research
Deferasirox,Under Research
Deferiprone,Under Research
Deferoxamine,Under Research
Deflazacort,Under Research
Degarelix,Under Research
Delafloxacin,Under Research
Delamanid,Under Research
Delavirdine,Under Research
Delorazepam,Under Research
Demecarium,Under Research
Demeclocycline,Under Research
Demegestone,Under Research
Deoxycholic Acid,Under Research
Deserpidine,Under Research
Desflurane,Under Research
Desipramine,Under Research
Deslanoside,Under Research
Desloratadine,Aerius
Desmopressin,Under Research
Desogestrel,Under Research
Desonide,Under Research
Desoximetasone,Under Research
Desoxycorticosterone acetate,Under Research
Desvenlafaxine,Under Research
Deutetrabenazine,Under Research
Dexamethasone,Decadron
Dexbrompheniramine,Under Research
Dexchlorpheniramine maleate,Under Research
Dexfenfluramine,Under Research
Dexibuprofen,Under Research
Dexketoprofen,Under Research
Dexlansoprazole,Under Research
Dexmedetomidine,Under Research
Dexmethylphenidate,Under Research
Dexrazoxane,Under Research
Dextroamphetamine,Under Research
Dextromethorphan,Under Research
Dextropropoxyphene,Under Research
Dextrothyroxine,Under Research
Dezocine,Under Research
Diacerein,Under Research
Diatrizoate,Under Research
Diazepam,Valium
Diazoxide,Under Research
Dichloralphenazone,Under Research
Diclofenac,Voltaren
Diclofenamide,Under Research
Dicloxacillin,Under Research
Dicoumarol,Under Research
Dicyclomine,Under Research
Didanosine,Under Research
Dienestrol,Under Research
Dienogest,Under Research
Diethylcarbamazine,Under Research
Diethylpropion,Under Research
Diethylstilbestrol,Under Research
Diethyltoluamide,Under Research
Difenoxin,Under Research
Diflorasone,Under Research
Diflunisal,Under Research
Difluocortolone,Under Research
Difluprednate,Under Research
Digitoxin,Under Research
Digoxin,Lanoxin
Dihydralazine,Under Research
Dihydro-alpha-ergocryptine,Under Research
Dihydrocodeine,Under Research
Dihydroergocornine,Under Research
Dihydroergocristine,Under Research
Dihydroergotamine,Under Research
Dihydrotachysterol,Under Research
Diltiazem,Cardizem
Dimenhydrinate,Under Research
Dimercaprol,Under Research
Dimetacrine,Under Research
Dimethyl fumarate,Under Research
Dimethyl sulfoxide,Under Research
Dimetindene,Under Research
Dimetotiazine,Under Research
Dinoprost,Under Research
Dinoprost Tromethamine,Under Research
Dinoprostone,Under Research
Diphenhydramine,Benadryl
Diphenoxylate,Under Research
Diphenylpyraline,Under Research
Dipivefrin,Under Research
Dipotassium phosphate,Under Research
Dipyridamole,Persantine
Dirithromycin,Under Research
Disopyramide,Norpace
Disulfiram,Under Research
Ditazole,Under Research
Dobutamine,Under Research
Docetaxel,Taxotere
Doconexent,Under Research
Dofetilide,Under Research
Dolasetron,Under Research
Dolutegravir,Under Research
Domperidone,Under Research
Donepezil,Aricept
Dopamine,Under Research
Dopexamine,Under Research
Doripenem,Under Research
Dorzolamide,Under Research
Dosulepin,Under Research
Dotatate gallium Ga-68,Under Research
Doxacurium chloride,Under Research
Doxapram,Under Research
Doxazosin,Cardura
Doxepin,Sinequan
Doxercalciferol,Under Research
Doxofylline,Under Research
Doxorubicin,Adriamycin
Doxycycline,Vibramycin
Doxylamine,Under Research
Dronabinol,Under Research
Dronedarone,Under Research
Droperidol,Under Research
Drospirenone,Yasmin
Droxidopa,Under Research
Duloxetine,Cymbalta
Dutasteride,Avodart
Dyclonine,Under Research
Dydrogesterone,Duphaston
Dyphylline,Under Research
Ebastine,Under Research
Ecabet,Under Research
Echothiophate,Under Research
Econazole,Under Research
Edetic Acid,Under Research
Edoxaban,Lixiana
Edrophonium,Under Research
Efavirenz,Sustiva
Efinaconazole,Under Research
Eflornithine,Under Research
Efonidipine,Under Research
Elbasvir,Under Research
Eletriptan,Under Research
Eliglustat,Under Research
Eltrombopag,Under Research
Eluxadoline,Under Research
Elvitegravir,Under Research
Emedastine,Under Research
Empagliflozin,Jardiance
Emtricitabine,Under Research
Enalapril,Renitec
Enalaprilat,Under Research
Enasidenib,Under Research
Encainide,Under Research
Enflurane,Under Research
Enoxacin,Under Research
Entacapone,Comtan
Entecavir,Under Research
Enviomycin,Under Research
Enzalutamide,Under Research
Eperisone,Under Research
Ephedrine,Under Research
Epinastine,Under Research
Epinephrine,Under Research
Epirizole,Under Research
Epirubicin,Under Research
Eplerenone,Under Research
Epoprostenol,Under Research
Eprosartan,Under Research
Equilin,Under Research
Ergocalciferol,Under Research
Ergonovine,Under Research
Ergotamine,Under Research
Eribulin,Under Research
Erlotinib,Under Research
Ertapenem,Under Research
Ertugliflozin,Under Research
Erythrityl Tetranitrate,Under Research
Erythromycin,Erythrocin
Escitalopram,Cipralex
Eslicarbazepine acetate,Under Research
Esmolol,Under Research
Esomeprazole,Nexium
Estazolam,Under Research
Estradiol,Estrace
Estradiol acetate,Under Research
Estradiol benzoate,Under Research
Estradiol cypionate,Under Research
Estradiol dienanthate,Under Research
Estradiol valerate,Under Research
Estramustine,Under Research
Estriol,Ovestin
Estrone,Ogen
Estrone sulfate,Under Research
Eszopiclone,Under Research
Etacrynic acid,Under Research
Etafedrine,Under Research
Ethambutol,Under Research
Ethanol,Under Research
Ethanolamine Oleate,Under Research
Ethchlorvynol,Under Research
Ethinyl Estradiol,Estinyl
Ethionamide,Under Research
Ethopropazine,Under Research
Ethosuximide,Zarontin
Ethotoin,Under Research
Ethyl chloride,Under Research
Ethyl loflazepate,Under Research
Ethylmorphine,Under Research
Ethynodiol diacetate,Under Research
Etidocaine,Under Research
Etidronic acid,Under Research
Etizolam,Under Research
Etodolac,Lodine
Etofenamate,Under Research
Etofibrate,Under Research
Etomidate,Under Research
Etonogestrel,Under Research
Etoposide,Under Research
Etoricoxib,Under Research
Etravirine,Under Research
Everolimus,Under Research
Exemestane,Under Research
Ezetimibe,Under Research
Ezogabine,Under Research
Famciclovir,Under Research
Famotidine,Pepcid
Febuxostat,Under Research
Felbamate,Felbatol
Felodipine,Plendil
Felypressin,Under Research
Fenbufen,Under Research
Fencamfamine,Under Research
Fenfluramine,Under Research
Fenofibrate,Under Research
Fenofibric acid,Under Research
Fenoldopam,Under Research
Fenoprofen,Under Research
Fenoterol,Under Research
Fentanyl,Durogesic
Ferric cation,Under Research
Ferric sulfate,Under Research
Ferrous bisglycinate,Under Research
Ferrous sulfate,Under Research
Ferumoxytol,Under Research
Fesoterodine,Under Research
Fexofenadine,Telfast
Fidaxomicin,Under Research
Fimasartan,Under Research
Finafloxacin,Under Research
Finasteride,Proscar
Fingolimod,Under Research
Flavoxate,Under Research
Flecainide,Tambocor
Fleroxacin,Under Research
Flibanserin,Under Research
Floctafenine,Under Research
Floxuridine,Under Research
Flubendazole,Under Research
Fluciclovine (18F),Under Research
Flucloxacillin,Under Research
Fluconazole,Diflucan
Flucytosine,Under Research
Fludarabine,Under Research
Fludiazepam,Under Research
Fludrocortisone,Under Research
Fluindione,Under Research
Flumazenil,Under Research
Flumethasone,Under Research
Flunarizine,Under Research
Flunisolide,Under Research
Flunitrazepam,Under Research
Fluocinolone Acetonide,Under Research
Fluocinonide,Under Research
Fluocortolone,Under Research
Fluorometholone,Under Research
Fluorouracil,Under Research
Fluoxetine,Prozac
Fluoxymesterone,Under Research
Flupentixol,Under Research
Fluphenazine,Under Research
Fluprednisolone,Under Research
Flurandrenolide,Under Research
Flurazepam,Dalmane
Flurbiprofen,Froben
Fluspirilene,Under Research
Flutamide,Under Research
Fluticasone,Flixotide
Fluticasone furoate,Under Research
Fluticasone propionate,Under Research
Fluvastatin,Lescol
Fluvoxamine,Faverin
Folic Acid,Under Research
Fomepizole,Under Research
Fondaparinux sodium,Arixtra
Formaldehyde,Under Research
Formestane,Under Research
Formoterol,Foradil
Fosamprenavir,Lexiva
Fosaprepitant,Under Research
Foscarnet,Under Research
Fosfomycin,Under Research
Fosinopril,Under Research
Fosnetupitant,Under Research
Fosphenytoin,Under Research
Fospropofol,Under Research
Fostamatinib,Under Research
Framycetin,Under Research
Frovatriptan,Under Research
Fulvestrant,Under Research
Furazolidone,Under Research
Furosemide,Lasix
Fusafungine,Under Research
Fusidic Acid,Under Research
Gabapentin,Neurontin
Gabapentin Enacarbil,Under Research
Gadobenic acid,Under Research
Gadoteric acid,Under Research
Gadoxetic acid,Under Research
Galantamine,Razadyne
Gallamine Triethiodide,Under Research
Gallium nitrate,Under Research
Gamma Hydroxybutyric Acid,Under Research
Ganciclovir,Under Research
Gatifloxacin,Under Research
Gefitinib,Under Research
Gemcitabine,Gemzar
Gemeprost,Under Research
Gemfibrozil,Under Research
Gemifloxacin,Under Research
Gentamicin,Garamycin
Gestodene,Under Research
Gestrinone,Under Research
Gimeracil,Under Research
Glecaprevir,Under Research
Gliclazide,Diamicron
Glimepiride,Amaryl
Glipizide,Glucotrol
Gliquidone,Under Research
Gluconic Acid,Under Research
Glucosamine,Under Research
Glutamic Acid,Under Research
Glutethimide,Under Research
Glyburide,Diabeta
Glycerin,Under Research
Glycerol Phenylbutyrate,Under Research
Glycine,Under Research
Glycopyrronium,Under Research
Gonadorelin,Under Research
Goserelin,Zoladex
Gramicidin D,Under Research
Granisetron,Under Research
Grazoprevir,Under Research
Grepafloxacin,Under Research
Griseofulvin,Grifulvin
Guanabenz,Under Research
Guanadrel,Under Research
Guanethidine,Under Research
Guanfacine,Under Research
Halazepam,Under Research
Halcinonide,Under Research
Halofantrine,Under Research
Haloperidol,Under Research
Haloprogin,Under Research
Halothane,Under Research
Heptabarbital,Under Research
Heroin,Under Research
Hexafluronium,Under Research
Hexaminolevulinate,Under Research
Hexetidine,Under Research
Hexobarbital,Under Research
Hexoprenaline,Under Research
Hexylresorcinol,Under Research
Histamine,Under Research
Histrelin,Under Research
Homatropine,Under Research
Huperzine A,Under Research
Hydralazine,Under Research
Hydrochlorothiazide,Esidrex
Hydrocodone,Vicodin
Hydrocortamate,Under Research
Hydrocortisone,Cortef
Hydroflumethiazide,Under Research
Hydromorphone,Dilaudid
Hydrotalcite,Under Research
Hydroxyamphetamine,Under Research
Hydroxychloroquine,Under Research
Hydroxyprogesterone caproate,Makena
Hydroxyurea,Under Research
Hydroxyzine,Under Research
Hyoscyamine,Under Research
Ibandronate,Boniva
Ibrutinib,Under Research
Ibudilast,Under Research
Ibuprofen,Brufen
Ibutilide,Under Research
Icatibant,Under Research
Icosapent,Under Research
Icosapent ethyl,Under Research
Icotinib,Under Research
Idarubicin,Under Research
Idelalisib,Under Research
Ifenprodil,Under Research
Ifosfamide,Under Research
Iloperidone,Under Research
Iloprost,Under Research
Imatinib,Glivec
Imidafenacin,Under Research
Imipenem,Under Research
Imipramine,Tofranil
Imiquimod,Under Research
Indacaterol,Under Research
Indapamide,Lozol
Indinavir,Under Research
Indomethacin,Indocid
Iobenguane,Under Research
Iodide I-131,Under Research
Iodipamide,Under Research
Iodixanol,Under Research
Ioflupane I-123,Under Research
Iohexol,Under Research
Iopamidol,Under Research
Iopromide,Under Research
Ioversol,Under Research
Ioxilan,Under Research
Ipratropium bromide,Atrovent
Irbesartan,Aprovel
Irinotecan,Under Research
Iron,Under Research
Iron saccharate,Under Research
Isavuconazole,Cresemba
Isavuconazonium,Under Research
Isocarboxazid,Under Research
Isoconazole,Under Research
Isoetarine,Under Research
Isoflurane,Under Research
Isoflurophate,Under Research
Isometheptene,Under Research
Isoniazid,Under Research
Isoprenaline,Under Research
Isosorbide,Under Research
Isosorbide Dinitrate,Under Research
Isosorbide Mononitrate,Under Research
Isothipendyl,Under Research
Isotretinoin,Under Research
Isoxsuprine,Under Research
Isradipine,Under Research
Itraconazole,Sporanox
Ivabradine,Under Research
Ivacaftor,Under Research
Ivermectin,Under Research
Ixabepilone,Under Research
Ixazomib,Under Research
Josamycin,Under Research
Kanamycin,Under Research
Kaolin,Under Research
Ketamine,Under Research
Ketazolam,Under Research
Ketobemidone,Under Research
Ketoconazole,Nizoral
Ketoprofen,Orudis
Ketorolac,Toradol
Ketotifen,Under Research
L-Carnitine,Under Research
L-Glutamine,Under Research
L-Phenylalanine,Under Research
L-Tryptophan,Under Research
Labetalol,Under Research
Lacidipine,Under Research
Lacosamide,Under Research
Lactic Acid,Under Research
Lactulose,Under Research
Lamivudine,Epivir
Lamotrigine,Lamictal
Lanreotide,Under Research
Lansoprazole,Prevacid
Lanthanum carbonate,Under Research
Lapatinib,Under Research
Lasofoxifene,Under Research
Latamoxef,Under Research
Latanoprost,Under Research
Latanoprostene Bunod,Under Research
Ledipasvir,Under Research
Leflunomide,Under Research
Lenalidomide,Under Research
Lenvatinib,Under Research
Lercanidipine,Zanidip
Lesinurad,Under Research
Letermovir,Under Research
Letrozole,Under Research
Leucovorin,Under Research
Levallorphan,Under Research
Levamisole,Under Research
Levetiracetam,Keppra
Levobetaxolol,Under Research
Levobunolol,Under Research
Levobupivacaine,Under Research
Levocabastine,Under Research
Levocetirizine,Xyzal
Levodopa,Under Research
Levofloxacin,Tavanic
Levoleucovorin,Under Research
Levomefolic acid,Under Research
Levomenol,Under Research
Levomethadyl Acetate,Under Research
Levomilnacipran,Under Research
Levonordefrin,Under Research
Levonorgestrel,Microlut
Levorphanol,Under Research
Levosalbutamol,Under Research
Levosimendan,Under Research
Levothyroxine,Eltroxin
Lidocaine,Under Research
Limaprost,Under Research
Linagliptin,Trajenta
Lincomycin,Under Research
Linezolid,Under Research
Liothyronine,Cytomel
Liotrix,Under Research
Lipoic Acid,Under Research
Lisdexamfetamine,Under Research
Lisinopril,Zestril
Lisuride,Under Research
Lixisenatide,Under Research
Lobeglitazone,Under Research
Lodoxamide,Under Research
Lofexidine,Under Research
Lomefloxacin,Under Research
Lomitapide,Under Research
Lomustine,Under Research
Loperamide,Under Research
Lopinavir,Kaletra
Loracarbef,Under Research
Loratadine,Clarityne
Lorazepam,Ativan
Lorcaserin,Under Research
Lormetazepam,Under Research
Lornoxicam,Under Research
Lorpiprazole,Under Research
Losartan,Cozaar
Loteprednol,Under Research
Lovastatin,Mevacor
Loxapine,Under Research
Loxoprofen,Under Research
Lubiprostone,Under Research
Lucanthone,Under Research
Luliconazole,Under Research
Lumacaftor,Under Research
Lumefantrine,Under Research
Lumiracoxib,Under Research
Lurasidone,Under Research
Lutetium Lu 177 dotatate,Under Research
Lycopene,Under Research
Lymecycline,Under Research
Lynestrenol,Under Research
Macimorelin,Under Research
Macitentan,Under Research
Mafenide,Under Research
Magaldrate,Under Research
Magnesium Trisilicate,Under Research
Magnesium carbonate,Under Research
Magnesium hydroxide,Under Research
Magnesium oxide,Under Research
Magnesium salicylate,Under Research
Magnesium silicate,Under Research
Magnesium sulfate,Under Research
Malathion,Under Research
Manidipine,Under Research
Mannitol,Under Research
Maprotiline,Ludiomil
Maraviroc,Under Research
Masoprocol,Under Research
Maxacalcitol,Under Research
Mebendazole,Under Research
Mebeverine,Under Research
Mebutamate,Under Research
Mecamylamine,Under Research
Mechlorethamine,Under Research
Meclizine,Under Research
Meclofenamic acid,Under Research
Medrogestone,Under Research
Medroxyprogesterone acetate,Provera
Medrysone,Under Research
Mefenamic acid,Under Research
Mefloquine,Under Research
Megestrol acetate,Megace
Melatonin,Under Research
Meloxicam,Mobic
Melperone,Under Research
Melphalan,Under Research
Memantine,Ebixa
Menadione,Under Research
Menthol,Under Research
Mephenesin,Under Research
Mephentermine,Under Research
Mephenytoin,Under Research
Mepivacaine,Under Research
Meprednisone,Under Research
Meprobamate,Under Research
Mepyramine,Under Research
Mequinol,Under Research
Mequitazine,Under Research
Mercaptopurine,Under Research
Meropenem,Under Research
Mersalyl,Under Research
Mesalazine,Under Research
Mesoridazine,Under Research
Mestranol,Menophase
Metamizole,Under Research
Metaraminol,Under Research
Metaxalone,Under Research
Metformin,Glucophage
Methacholine,Under Research
Methacycline,Under Research
Methadone,Under Research
Methadyl Acetate,Under Research
Methamphetamine,Under Research
Methantheline,Under Research
Methazolamide,Under Research
Methdilazine,Under Research
Methenamine,Under Research
Methimazole,Under Research
Methionine,Under Research
Methocarbamol,Under Research
Methohexital,Under Research
Methotrexate,Methotrexate
Methotrimeprazine,Under Research
Methoxamine,Under Research
Methoxsalen,Under Research
Methoxyflurane,Under Research
Methscopolamine,Under Research
Methsuximide,Under Research
Methyclothiazide,Under Research
Methyl aminolevulinate,Under Research
Methyl salicylate,Under Research
Methyldopa,Under Research
Methylene blue,Under Research
Methylergometrine,Under Research
Methylnaltrexone,Under Research
Methylphenidate,Under Research
Methylphenobarbital,Under Research
Methylprednisolone,Medrol
Methylscopolamine bromide,Under Research
Methyltestosterone,Under Research
Methyprylon,Under Research
Methysergide,Under Research
Meticillin,Under Research
Metipranolol,Under Research
Metixene,Under Research
Metoclopramide,Under Research
Metocurine,Under Research
Metocurine Iodide,Under Research
Metolazone,Zaroxolyn
Metoprolol,Betaloc
Metronidazole,Flagyl
Metyrapone,Under Research
Metyrosine,Under Research
Mexiletine,Under Research
Mezlocillin,Under Research
Mianserin,Under Research
Micafungin,Under Research
Miconazole,Under Research
Midazolam,Dormicum
Midecamycin,Under Research
Midodrine,Under Research
Midostaurin,Under Research
Mifamurtide,Under Research
Mifepristone,Under Research
Miglitol,Glyset
Miglustat,Under Research
Milnacipran,Under Research
Milrinone,Under Research
Miltefosine,Under Research
Minaprine,Under Research
Minocycline,Under Research
Minoxidil,Under Research
Mipomersen,Under Research
Mirabegron,Under Research
Mirtazapine,Remeron
Misoprostol,Cytotec
Mitiglinide,Under Research
Mitomycin,Under Research
Mitotane,Under Research
Mitoxantrone,Under Research
Mivacurium,Under Research
Moclobemide,Under Research
Modafinil,Provigil
Moexipril,Under Research
Molindone,Under Research
Molsidomine,Under Research
Mometasone,Under Research
Montelukast,Under Research
Moricizine,Under Research
Morniflumate,Under Research
Morphine,Morphine
Moxidectin,Under Research
Moxifloxacin,Avelox
Moxonidine,Under Research
Mupirocin,Under Research
Mycophenolate mofetil,CellCept
Mycophenolic acid,Myfortic
Nabilone,Under Research
Nabiximols,Under Research
Nabumetone,Relafen
Nadolol,Under Research
Nafamostat,Under Research
Nafarelin,Under Research
Nafcillin,Under Research
Naftifine,Under Research
Nalbuphine,Under Research
Naldemedine,Under Research
Nalidixic Acid,Under Research
Nalmefene,Under Research
Nalorphine,Under Research
Naloxegol,Under Research
Naloxone,Under Research
Naltrexone,Under Research
Nandrolone decanoate,Under Research
Naphazoline,Under Research
Naproxen,Naprosyn
Naratriptan,Under Research
Natamycin,Under Research
Nateglinide,Starlix
Nebivolol,Nebilet
Nedaplatin,Under Research
Nefazodone,Under Research
Nelarabine,Under Research
Nelfinavir,Viracept
Neostigmine,Under Research
Nepafenac,Under Research
Neratinib,Under Research
Netilmicin,Under Research
Netupitant,Under Research
Nevirapine,Viramune
Niacin,Under Research
Nicardipine,Under Research
Nicergoline,Under Research
Niclosamide,Under Research
Nicorandil,Under Research
Nicotinamide,Under Research
Nicotine,Under Research
Nifedipine,Adalat
Niflumic Acid,Under Research
Nilotinib,Under Research
Nilutamide,Under Research
Nilvadipine,Under Research
Nimesulide,Under Research
Nimodipine,Under Research
Nintedanib,Under Research
Niraparib,Under Research
Nisoldipine,Under Research
Nitrazepam,Under Research
Nitrendipine,Under Research
Nitric Oxide,Under Research
Nitrofural,Under Research
Nitrofurantoin,Under Research
Nitroglycerin,Under Research
Nitroprusside,Under Research
Nitrous acid,Under Research
Nitrous oxide,Under Research
Nitroxoline,Under Research
Nizatidine,Under Research
Nomegestrol,Under Research
Nomegestrol acetate,Under Research
Nonoxynol-9,Under Research
Nordazepam,Under Research
Norelgestromin,Under Research
Norepinephrine,Under Research
Norethisterone,Primolut N
Norethynodrel,Under Research
Norfloxacin,Under Research
Norflurane,Under Research
Norgestimate,Under Research
Norgestrel,Under Research
Normethadone,Under Research
Nortriptyline,Pamelor
Novobiocin,Under Research
Nylidrin,Under Research
Nystatin,Under Research
Obeticholic acid,Under Research
Octreotide,Sandostatin
Ofloxacin,Under Research
Olanzapine,Under Research
Olaparib,Under Research
Olmesartan,Olmetec
Olodaterol,Striverdi
Olopatadine,Under Research
Olsalazine,Under Research
Omacetaxine mepesuccinate,Under Research
Ombitasvir,Under Research
Omeprazole,Losec
Ondansetron,Under Research
Opicapone,Under Research
Orciprenaline,Under Research
Oritavancin,Under Research
Orlistat,Under Research
Orphenadrine,Under Research
Oseltamivir,Under Research
Osimertinib,Under Research
Ospemifene,Under Research
Ouabain,Under Research
Oxacillin,Under Research
Oxaliplatin,Under Research
Oxamniquine,Under Research
Oxandrolone,Under Research
Oxaprozin,Under Research
Oxazepam,Serax
Oxcarbazepine,Trileptal
Oxetacaine,Under Research
Oxiconazole,Under Research
Oxitriptan,Under Research
Oxprenolol,Under Research
Oxtriphylline,Under Research
Oxybuprocaine,Under Research
Oxybutynin,Under Research
Oxycodone,OxyContin
Oxymetazoline,Under Research
Oxymetholone,Under Research
Oxymorphone,Numorphan
Oxyphenbutazone,Under Research
Oxyphenonium,Under Research
Oxytetracycline,Under Research
Ozenoxacin,Under Research
Paclitaxel,Taxol
Palbociclib,Under Research
Paliperidone,Under Research
Palmitic Acid,Under Research
Palonosetron,Under Research
Pamidronate,Under Research
Pancuronium,Under Research
Panobinostat,Under Research
Pantoprazole,Protium
Papaverine,Under Research
Paraldehyde,Under Research
Paramethadione,Under Research
Paramethasone,Under Research
Parecoxib,Under Research
Pargyline,Under Research
Paricalcitol,Under Research
Paritaprevir,Under Research
Paromomycin,Under Research
Paroxetine,Seroxat
Parthenolide,Under Research
Pasireotide,Under Research
Patent Blue,Under Research
Pazopanib,Under Research
Pefloxacin,Under Research
Pemetrexed,Under Research
Pemirolast,Under Research
Penbutolol,Under Research
Penicillamine,Under Research
Pentaerythritol Tetranitrate,Under Research
Pentamidine,Under Research
Pentazocine,Talwin
Pentetic acid,Under Research
Pentobarbital,Under Research
Pentolinium,Under Research
Pentosan Polysulfate,Under Research
Pentostatin,Under Research
Pentoxifylline,Under Research
Pentoxyverine,Under Research
Perampanel,Under Research
Perazine,Under Research
Perflubutane,Under Research
Perflutren,Under Research
Pergolide,Under Research
Perhexiline,Under Research
Perindopril,Coversyl
Permethrin,Under Research
Perospirone,Under Research
Perphenazine,Under Research
Pethidine,Under Research
Phenacemide,Under Research
Phenazopyridine,Under Research
Phendimetrazine,Under Research
Phenelzine,Under Research
Phenformin,Under Research
Phenindamine,Under Research
Phenindione,Under Research
Pheniramine,Under Research
Phenmetrazine,Under Research
Phenobarbital,Under Research
Phenoxybenzamine,Under Research
Phenoxyethanol,Under Research
Phenoxymethylpenicillin,Under Research
Phenprocoumon,Under Research
Phensuximide,Under Research
Phentermine,Under Research
Phentolamine,Under Research
Phenyl aminosalicylate,Under Research
Phenylacetic acid,Under Research
Phenylbutazone,Under Research
Phenylbutyric acid,Under Research
Phenylephrine,Under Research
Phenylpropanolamine,Under Research
Phenytoin,Dilantin
Pholcodine,Under Research
Phylloquinone,Under Research
Physostigmine,Under Research
Pibrentasvir,Under Research
Picosulfuric acid,Under Research
Pilocarpine,Under Research
Pimavanserin,Under Research
Pimecrolimus,Under Research
Pimozide,Under Research
Pinacidil,Under Research
Pinaverium,Under Research
Pindolol,Under Research
Pioglitazone,Actos
Pipamperone,Under Research
Pipazethate,Under Research
Pipecuronium,Under Research
Piperacillin,Under Research
Piperaquine,Under Research
Piperazine,Under Research
Pipobroman,Under Research
Pipotiazine,Under Research
Piracetam,Under Research
Pirbuterol,Under Research
Pirenzepine,Under Research
Piretanide,Under Research
Pirfenidone,Under Research
Piritramide,Under Research
Pirlindole,Under Research
Piroxicam,Feldene
Pitavastatin,Livalo
Pitolisant,Under Research
Pivampicillin,Under Research
Pivmecillinam,Under Research
Pixantrone,Under Research
Pizotifen,Under Research
Plazomicin,Under Research
Plicamycin,Under Research
Podofilox,Under Research
Podophyllin,Under Research
Polaprezinc,Under Research
Polymyxin B Sulfate,Under Research
Polythiazide,Under Research
Pomalidomide,Under Research
Ponatinib,Under Research
Posaconazole,Noxafil
Potassium,Under Research
Potassium Chloride,Under Research
Potassium Citrate,Under Research
Potassium Iodide,Under Research
Potassium alum,Under Research
Potassium bicarbonate,Under Research
Practolol,Under Research
Pralatrexate,Under Research
Pramipexole,Mirapex
Pramlintide,Under Research
Pramocaine,Under Research
Pranlukast,Under Research
Prasterone,Under Research
Prasugrel,Effient
Pravastatin,Pravachol
Prazepam,Under Research
Praziquantel,Under Research
Prazosin,Minipress
Prednicarbate,Under Research
Prednisolone,Deltacortril
Prednisone,Under Research
Pregabalin,Lyrica
Pregnenolone,Under Research
Prilocaine,Under Research
Primaquine,Under Research
Primidone,Mysoline
Probenecid,Under Research
Probucol,Under Research
Procainamide,Under Research
Procaine,Under Research
Procaine benzylpenicillin,Under Research
Procarbazine,Under Research
Procaterol,Under Research
Prochlorperazine,Under Research
Procyclidine,Under Research
Progabide,Under Research
Progesterone,Prometrium
Proguanil,Under Research
Promazine,Under Research
Promethazine,Phenergan
Propacetamol,Under Research
Propafenone,Rythmol
Propantheline,Under Research
Proparacaine,Under Research
Propericiazine,Under Research
Propiomazine,Under Research
Propiverine,Under Research
Propofol,Under Research
Propoxycaine,Under Research
Propranolol,Inderal
Propylthiouracil,Under Research
Protionamide,Under Research
Protocatechualdehyde,Under Research
Protokylol,Under Research
Protriptyline,Under Research
Prucalopride,Under Research
Prussian blue,Under Research
Pseudoephedrine,Under Research
Pyrantel,Under Research
Pyrazinamide,Under Research
Pyridostigmine,Under Research
Pyridoxine,Under Research
Pyrimethamine,Under Research
Pyrvinium,Under Research
Quazepam,Under Research
Quetiapine,Under Research
Quinacrine,Under Research
Quinagolide,Under Research
Quinapril,Accupril
Quinestrol,Under Research
Quinethazone,Under Research
Quinidine,Quinidex
Quinine,Under Research
Quinupristin,Under Research
Rabeprazole,Pariet
Radium Ra 223 Dichloride,Under Research
Raloxifene,Under Research
Raltegravir,Under Research
Raltitrexed,Under Research
Ramelteon,Under Research
Ramipril,Tritace
Ramosetron,Under Research
Ranitidine,Zantac
Ranolazine,Under Research
Rapacuronium,Under Research
Rasagiline,Azilect
Reboxetine,Under Research
Regadenoson,Under Research
Regorafenib,Under Research
Remifentanil,Under Research
Remikiren,Under Research
Remoxipride,Under Research
Repaglinide,Prandin
Reposal,Under Research
Rescinnamine,Under Research
Reserpine,Under Research
Resveratrol,Under Research
Retapamulin,Under Research
Ribavirin,Under Research
Ribociclib,Under Research
Riboflavin,Under Research
Ribostamycin,Under Research
Ridogrel,Under Research
Rifabutin,Under Research
Rifampicin,Under Research
Rifapentine,Under Research
Rifaximin,Under Research
Rilmenidine,Under Research
Rilpivirine,Under Research
Riluzole,Under Research
Rimexolone,Under Research
Rimonabant,Under Research
Riociguat,Under Research
Risedronate,Actonel
Risperidone,Under Research
Ritodrine,Under Research
Ritonavir,Norvir
Rivaroxaban,Xarelto
Rivastigmine,Exelon
Rizatriptan,Under Research
Rocuronium,Under Research
Rofecoxib,Under Research
Roflumilast,Under Research
Rolapitant,Under Research
Rolitetracycline,Under Research
Romidepsin,Under Research
Ropinirole,Requip
Ropivacaine,Under Research
Rosiglitazone,Avandia
Rosoxacin,Under Research
Rosuvastatin,Crestor
Rotigotine,Under Research
Roxatidine acetate,Under Research
Roxithromycin,Under Research
Rucaparib,Under Research
Rufinamide,Under Research
Rupatadine,Under Research
Rutin,Under Research
Ruxolitinib,Under Research
Sacubitril,Under Research
Safinamide,Under Research
Salbutamol,Ventolin
Salicylamide,Under Research
Salicylic acid,Under Research
Salmeterol,Serevent
Salsalate,Under Research
Sapropterin,Under Research
Saquinavir,Invirase
Saxagliptin,Onglyza
Scopolamine,Under Research
Secobarbital,Under Research
Selegiline,Eldepryl
Selenium,Under Research
Selexipag,Under Research
Semaglutide,Under Research
Seratrodast,Under Research
Sertaconazole,Under Research
Sertindole,Under Research
Sertraline,Zoloft
Sevelamer,Under Research
Sevoflurane,Under Research
Sibutramine,Under Research
Sildenafil,Viagra
Silodosin,Under Research
Silver sulfadiazine,Under Research
Simeprevir,Under Research
Simvastatin,Zocor
Sirolimus,Rapamune
Sitagliptin,Januvia
Sitaxentan,Under Research
Sodium Chloride,Under Research
Sodium Citrate,Under Research
Sodium aurothiomalate,Under Research
Sodium bicarbonate,Under Research
Sodium feredetate,Under Research
Sodium glycerophosphate,Under Research
Sodium oxybate,Under Research
Sodium phosphate,Under Research
Sodium stibogluconate,Under Research
Sofosbuvir,Under Research
Solifenacin,Under Research
Somatostatin,Under Research
Sonidegib,Under Research
Sorafenib,Under Research
Sotalol,Sotacor
Sparfloxacin,Under Research
Spectinomycin,Under Research
Spiramycin,Under Research
Spirapril,Under Research
Spironolactone,Aldactone
Stanozolol,Under Research
Stavudine,Under Research
Stepronin,Under Research
Stiripentol,Under Research
Streptomycin,Under Research
Streptozocin,Under Research
Strontium ranelate,Under Research
Succimer,Under Research
Succinylcholine,Under Research
Sucralfate,Carafate
Sufentanil,Under Research
Sugammadex,Under Research
Sulbactam,Under Research
Sulconazole,Under Research
Sulfacetamide,Under Research
Sulfacytine,Under Research
Sulfadiazine,Under Research
Sulfadimethoxine,Under Research
Sulfadoxine,Under Research
Sulfamerazine,Under Research
Sulfameter,Under Research
Sulfamethazine,Under Research
Sulfamethizole,Under Research
Sulfamethoxazole,Bactrim
Sulfametopyrazine,Under Research
Sulfamoxole,Under Research
Sulfanilamide,Under Research
Sulfaphenazole,Under Research
Sulfapyridine,Under Research
Sulfasalazine,Under Research
Sulfathiazole,Under Research
Sulfinpyrazone,Under Research
Sulfisoxazole,Under Research
Sulindac,Clinoril
Sulpiride,Under Research
Sultamicillin,Under Research
Sumatriptan,Under Research
Sunitinib,Sutent
Suprofen,Under Research
Suramin,Under Research
Suvorexant,Under Research
Tacrine,Under Research
Tacrolimus,Prograf
Tadalafil,Cialis
Tafenoquine,Under Research
Tafluprost,Under Research
Talbutal,Under Research
Talniflumate,Under Research
Tamoxifen,Under Research
Tamsulosin,Flomax
Tapentadol,Under Research
Tartaric acid,Under Research
Tasimelteon,Under Research
Tasosartan,Under Research
Taurolidine,Under Research
Tavaborole,Under Research
Tazarotene,Under Research
Tazobactam,Under Research
Technetium Tc-99m mebrofenin,Under Research
Technetium Tc-99m medronate,Under Research
Technetium Tc-99m oxidronate,Under Research
Technetium Tc-99m sestamibi,Under Research
Tedizolid Phosphate,Under Research
Tegafur,Under Research
Tegafur-uracil,Under Research
Tegaserod,Under Research
Telaprevir,Under Research
Telavancin,Under Research
Telithromycin,Under Research
Telmisartan,Micardis
Temazepam,Restoril
Temocillin,Under Research
Temoporfin,Under Research
Temozolomide,Under Research
Temsirolimus,Under Research
Teniposide,Under Research
Tenofovir disoproxil,Under Research
Tenoxicam,Under Research
Terazosin,Hytrin
Terbinafine,Lamisil
Terbutaline,Bricanyl
Terconazole,Under Research
Terfenadine,Under Research
Teriflunomide,Under Research
Terlipressin,Under Research
Tesamorelin,Under Research
Testolactone,Under Research
Testosterone,Under Research
Testosterone cypionate,Under Research
Testosterone enanthate,Under Research
Testosterone propionate,Under Research
Testosterone undecanoate,Under Research
Tetrabenazine,Under Research
Tetracaine,Under Research
Tetracosactide,Under Research
Tetracycline,Achromycin
Tetryzoline,Under Research
Tezacaftor,Under Research
Thalidomide,Under Research
Theobromine,Under Research
Theophylline,Theolair
Thiabendazole,Under Research
Thiamylal,Under Research
Thiocolchicoside,Under Research
Thiopental,Under Research
Thioproperazine,Under Research
Thioridazine,Under Research
Thiosulfuric acid,Under Research
Thiotepa,Under Research
Thiothixene,Under Research
Thonzylamine,Under Research
Thymol,Under Research
Tiagabine,Under Research
Tianeptine,Under Research
Tiapride,Under Research
Tiaprofenic acid,Under Research
Tibolone,Under Research
Ticagrelor,Brilinta
Ticarcillin,Under Research
Ticlopidine,Ticlid
Tigecycline,Under Research
Tiludronic acid,Under Research
Timolol,Under Research
Tinidazole,Under Research
Tioconazole,Under Research
Tioguanine,Under Research
Tiotropium,Spiriva
Tipiracil,Under Research
Tipranavir,Aptivus
Tirofiban,Under Research
Titanium dioxide,Under Research
Tixocortol,Under Research
Tizanidine,Under Research
Tobramycin,Tobrex
Tofacitinib,Under Research
Tofisopam,Under Research
Tolazamide,Under Research
Tolazoline,Under Research
Tolbutamide,Under Research
Tolcapone,Under Research
Tolfenamic Acid,Under Research
Tolmetin,Under Research
Tolnaftate,Under Research
Toloxatone,Under Research
Tolperisone,Under Research
Tolterodine,Under Research
Tolvaptan,Under Research
Topiramate,Topamax
Topiroxostat,Under Research
Topotecan,Under Research
Torasemide,Under Research
Toremifene,Under Research
Trabectedin,Under Research
Tramadol,Tramal
Trametinib,Under Research
Trandolapril,Under Research
Tranexamic Acid,Under Research
Tranilast,Under Research
Tranylcypromine,Under Research
Trapidil,Under Research
Travoprost,Under Research
Trazodone,Desyrel
Treprostinil,Under Research
Tretinoin,Under Research
Triamcinolone,Kenalog
Triamterene,Dyrenium
Triazolam,Halcion
Trichlormethiazide,Under Research
Trichloroethylene,Under Research
Triethylenetetramine,Under Research
Trifluoperazine,Under Research
Triflupromazine,Under Research
Trifluridine,Under Research
Triflusal,Under Research
Trihexyphenidyl,Under Research
Trilostane,Under Research
Trimebutine,Under Research
Trimetazidine,Under Research
Trimethadione,Under Research
Trimethaphan,Under Research
Trimethobenzamide,Under Research
Trimethoprim,Proloprim
Trimetrexate,Under Research
Trimipramine,Under Research
Trioxsalen,Under Research
Tripelennamine,Under Research
Triprolidine,Under Research
Triptorelin,Under Research
Tritoqualine,Under Research
Trolamine salicylate,Under Research
Troleandomycin,Under Research
Tromethamine,Under Research
Tropicamide,Under Research
Tropisetron,Under Research
Trospium,Under Research
Trovafloxacin,Under Research
Tubocurarine,Under Research
Ubidecarenone,Under Research
Udenafil,Under Research
Ulipristal,Under Research
Ulobetasol,Under Research
Umeclidinium,Incruse
Unoprostone,Under Research
Uracil mustard,Under Research
Ursodeoxycholic acid,Under Research
Valaciclovir,Under Research
Valbenazine,Under Research
Valdecoxib,Under Research
Valganciclovir,Under Research
Valproic Acid,Depakine
Valrubicin,Under Research
Valsartan,Diovan
Vancomycin,Vancocin
Vandetanib,Under Research
Vapreotide,Under Research
Vardenafil,Under Research
Varenicline,Under Research
Vecuronium,Under Research
Velpatasvir,Under Research
Vemurafenib,Under Research
Venetoclax,Under Research
Venlafaxine,Efexor
Verapamil,Isoptin
Vernakalant,Under Research
Verteporfin,Under Research
Vigabatrin,Under Research
Vilanterol,Breo Ellipta
Vilazodone,Under Research
Vildagliptin,Galvus
Viloxazine,Under Research
Vinblastine,Under Research
Vincristine,Under Research
Vindesine,Under Research
Vinflunine,Under Research
Vinorelbine,Under Research
Viomycin,Under Research
Vismodegib,Under Research
Vitamin A,Under Research
Vitamin C,Under Research
Vitamin E,Under Research
Voacamine,Under Research
Voglibose,Under Research
Vorapaxar,Zontivity
Voriconazole,Vfend
Vorinostat,Under Research
Vortioxetine,Under Research
Voxilaprevir,Under Research
Warfarin,Coumadin
Xanthinol,Under Research
Ximelagatran,Under Research
Xylometazoline,Under Research
Yohimbine,Under Research
Zafirlukast,Under Research
Zalcitabine,Under Research
Zaleplon,Under Research
Zaltoprofen,Under Research
Zidovudine,Retrovir
Zileuton,Under Research
Zinc,Under Research
Zinc oxide,Under Research
Zinc picolinate,Under Research
Zinc sulfate,Under Research
Ziprasidone,Under Research
Zoledronic acid,Aclasta
Zolmitriptan,Under Research
Zolpidem,Stilnox
Zonisamide,Under Research
Zopiclone,Imovane
Zotepine,Under Research
Zucapsaicin,Under Research
Zuclopenthixol,Under Research
